{"cameraMode":{"drawMode":0,"name":"Shaded","section":"Shading Mode"},"sceneLighting":false,"audioPlay":false,"sceneViewState":{"showFog":true,"showMaterialUpdate":false,"showSkybox":false,"showFlares":true,"showImageEffects":true,"showParticleSystems":true},"in2DMode":false,"pivot":{"x":-0.5470314025878906,"y":0.8999999165534973,"z":2.045048713684082},"rotation":{"x":0.30433470010757449,"y":-0.020007140934467317,"z":0.006393780000507832,"w":0.9523367881774902},"size":4.1204938888549809,"orthographic":false}